{
    "AlarmClock": 0.09000337881823567,
    "Book": 0.12737713889552738,
    "Bowl": 0.07472979023960118,
    "CellPhone": 0.025808356086970078,
    "Chair": 1.4528817710964983,
    "CoffeeMachine": 0.6029132243179992,
    "DeskLamp": 0.37074068991786663,
    "FloorLamp": 2.2739332817400593,
    "Fridge": 3.972957108549545,
    "GarbageCan": 0.5932887975923816,
    "Kettle": 0.11779986449077846,
    "Laptop": 0.46197901134977676,
    "LightSwitch": 0.03131649290644436,
    "Microwave": 0.5998780706801587,
    "Pan": 0.1556808154468713,
    "Plate": 0.07123295534924737,
    "Pot": 0.2220703984326357,
    "RemoteControl": 0.0271252383700928,
    "Sink": 0.5050986941169893,
    "StoveBurner": 0.062110298221174275,
    "Television": 1.5743063906366528,
    "Toaster": 0.22257051896002894
}