{"FloorPlan1": {"xmax": 2.474299907684326, "xmin": -2.500056743621826, "zmax": 2.5621533393859863, "zmin": -2.9326729774475098}, "FloorPlan2": {"xmax": 2.499999523162842, "xmin": -3.3000001907348633, "zmax": 4.0, "zmin": -2.0}, "FloorPlan3": {"xmax": 1.965275764465332, "xmin": -2.7554335594177246, "zmax": 3.0268192291259766, "zmin": -3.956327438354492}, "FloorPlan4": {"xmax": 0.20996809005737305, "xmin": -4.749100685119629, "zmax": 4.14895486831665, "zmin": -0.5143623352050781}, "FloorPlan5": {"xmax": 3.6000001430511475, "xmin": -1.7000000476837158, "zmax": 2.1999998092651367, "zmin": -2.5500001907348633}, "FloorPlan6": {"xmax": 2.200000286102295, "xmin": -3.18709135055542, "zmax": 3.200000286102295, "zmin": -2.200000286102295}, "FloorPlan7": {"xmax": 4.199999809265137, "xmin": -4.199999809265137, "zmax": 4.199999809265137, "zmin": -2.0999999046325684}, "FloorPlan8": {"xmax": 2.059999942779541, "xmin": -3.590000629425049, "zmax": 3.489999771118164, "zmin": -2.310000419616699}, "FloorPlan9": {"xmax": 4.0, "xmin": -2.3999996185302734, "zmax": 2.0, "zmin": -2.0}, "FloorPlan10": {"xmax": 1.5, "xmin": -4.400001049041748, "zmax": 3.200000286102295, "zmin": -2.799999713897705}, "FloorPlan11": {"xmax": 2.200000762939453, "xmin": -3.0, "zmax": 1.0, "zmin": -2.200000524520874}, "FloorPlan12": {"xmax": 2.1162760257720947, "xmin": -1.529860019683838, "zmax": 3.6436705589294434, "zmin": -1.915522575378418}, "FloorPlan13": {"xmax": 0.3294405937194824, "xmin": -5.17773962020874, "zmax": 7.339764595031738, "zmin": -0.49820566177368164}, "FloorPlan14": {"xmax": 2.250000238418579, "xmin": -1.9249999523162842, "zmax": 3.403316020965576, "zmin": -2.016517162322998}, "FloorPlan15": {"xmax": 1.0068769454956055, "xmin": -4.452939033508301, "zmax": 4.806865692138672, "zmin": -0.7134037017822266}, "FloorPlan16": {"xmax": 3.5268239974975586, "xmin": -1.4033230543136597, "zmax": 4.775820255279541, "zmin": -2.336564064025879}, "FloorPlan17": {"xmax": 1.7999999523162842, "xmin": -1.7999999523162842, "zmax": 4.0, "zmin": -1.1999999284744263}, "FloorPlan18": {"xmax": 3.1897988319396973, "xmin": -3.167275905609131, "zmax": 8.610661506652832, "zmin": -0.7170093059539795}, "FloorPlan19": {"xmax": 0.23221635818481445, "xmin": -3.7819008827209473, "zmax": 0.41472816467285156, "zmin": -4.389551639556885}, "FloorPlan20": {"xmax": 2.3000001907348633, "xmin": -1.899999737739563, "zmax": 3.0, "zmin": -2.5500001907348633}, "FloorPlan21": {"xmax": 1.8673183917999268, "xmin": -3.906414747238159, "zmax": 2.6623597145080566, "zmin": -4.403754711151123}, "FloorPlan22": {"xmax": 2.5, "xmin": -3.5, "zmax": 3.5, "zmin": -2.0}, "FloorPlan23": {"xmax": 0.3111844062805176, "xmin": -4.807921409606934, "zmax": 0.44367218017578125, "zmin": -5.197650909423828}, "FloorPlan24": {"xmax": 1.286421775817871, "xmin": -3.3009285926818848, "zmax": 4.190996170043945, "zmin": 0.7284979820251465}, "FloorPlan25": {"xmax": 0.26999998092651367, "xmin": -3.289740800857544, "zmax": 3.2699992656707764, "zmin": -0.295886754989624}, "FloorPlan26": {"xmax": 0.26888203620910645, "xmin": -3.1903316974639893, "zmax": 5.156728267669678, "zmin": -0.13893365859985352}, "FloorPlan27": {"xmax": 2.6753616333007812, "xmin": -0.7149637937545776, "zmax": 3.2548153400421143, "zmin": -1.2601258754730225}, "FloorPlan28": {"xmax": 0.29060792922973633, "xmin": -4.581173896789551, "zmax": 0.22920560836791992, "zmin": -4.280168533325195}, "FloorPlan29": {"xmax": 2.3809585571289062, "xmin": -1.8946990966796875, "zmax": 2.919830322265625, "zmin": -2.252530574798584}, "FloorPlan30": {"xmax": 3.755618095397949, "xmin": -1.5258216857910156, "zmax": 2.1541919708251953, "zmin": -2.177000045776367}, "FloorPlan201": {"xmax": 1.7812933921813965, "xmin": -5.358509540557861, "zmax": 7.813255310058594, "zmin": -1.420785665512085}, "FloorPlan202": {"xmax": 1.3899927139282227, "xmin": -4.269500732421875, "zmax": 4.469448089599609, "zmin": -0.13541460037231445}, "FloorPlan203": {"xmax": 1.835759162902832, "xmin": -6.926003456115723, "zmax": 7.476400375366211, "zmin": -2.3672049045562744}, "FloorPlan204": {"xmax": 1.2085151672363281, "xmin": -6.112869739532471, "zmax": 7.888494491577148, "zmin": -6.744655609130859}, "FloorPlan205": {"xmax": 0.2714204788208008, "xmin": -5.2400007247924805, "zmax": 7.240898132324219, "zmin": -0.3652663230895996}, "FloorPlan206": {"xmax": 3.0999996662139893, "xmin": -2.200000524520874, "zmax": 1.8235645294189453, "zmin": -2.923635482788086}, "FloorPlan207": {"xmax": 2.200000762939453, "xmin": -2.200000762939453, "zmax": 4.25, "zmin": -2.125}, "FloorPlan208": {"xmax": 2.5, "xmin": -5.5, "zmax": 3.0, "zmin": -5.5}, "FloorPlan209": {"xmax": -0.2676563262939453, "xmin": -8.675503730773926, "zmax": 0.5675959587097168, "zmin": -5.660048484802246}, "FloorPlan210": {"xmax": 1.1478309631347656, "xmin": -8.20860481262207, "zmax": 6.406716346740723, "zmin": -2.9497880935668945}, "FloorPlan211": {"xmax": 4.400000095367432, "xmin": -2.5999999046325684, "zmax": 2.5, "zmin": -2.5999999046325684}, "FloorPlan212": {"xmax": 4.5, "xmin": -4.550000190734863, "zmax": 2.6499996185302734, "zmin": -1.9999998807907104}, "FloorPlan213": {"xmax": 15.295780181884766, "xmin": 4.538154602050781, "zmax": 6.387206554412842, "zmin": -1.6753907203674316}, "FloorPlan214": {"xmax": 0.35970401763916016, "xmin": -5.792286396026611, "zmax": 7.7403059005737305, "zmin": -0.8726675510406494}, "FloorPlan215": {"xmax": 0.7378406524658203, "xmin": -6.580000877380371, "zmax": 8.038261413574219, "zmin": -0.6747674942016602}, "FloorPlan216": {"xmax": 2.200000286102295, "xmin": -5.150000095367432, "zmax": 1.8000001907348633, "zmin": -3.5}, "FloorPlan217": {"xmax": 0.8114495277404785, "xmin": -5.548766613006592, "zmax": 5.302729606628418, "zmin": -0.4794125556945801}, "FloorPlan218": {"xmax": 7.812507629394531, "xmin": -14.803016662597656, "zmax": 11.44766616821289, "zmin": -8.234920501708984}, "FloorPlan219": {"xmax": 0.16240596771240234, "xmin": -6.1624064445495605, "zmax": 5.261615753173828, "zmin": -0.3214898109436035}, "FloorPlan220": {"xmax": 0.8624138832092285, "xmin": -6.357330799102783, "zmax": 5.147147178649902, "zmin": -1.1584415435791016}, "FloorPlan221": {"xmax": 2.3000001907348633, "xmin": -5.0, "zmax": 1.7199997901916504, "zmin": -3.5999999046325684}, "FloorPlan222": {"xmax": 3.799999713897705, "xmin": -1.7999998331069946, "zmax": 2.200000286102295, "zmin": -2.5999999046325684}, "FloorPlan223": {"xmax": 4.449999809265137, "xmin": -4.09999942779541, "zmax": 3.5, "zmin": -2.1999998092651367}, "FloorPlan224": {"xmax": 3.56955623626709, "xmin": -3.7630953788757324, "zmax": 3.207693338394165, "zmin": -2.8872859477996826}, "FloorPlan225": {"xmax": 0.5841951370239258, "xmin": -5.743587493896484, "zmax": 5.77379846572876, "zmin": -0.5549483299255371}, "FloorPlan226": {"xmax": 2.1999998092651367, "xmin": -3.0, "zmax": 1.2000000476837158, "zmin": -2.5999999046325684}, "FloorPlan227": {"xmax": 2.44252872467041, "xmin": -8.434713363647461, "zmax": 5.643285751342773, "zmin": -0.17102909088134766}, "FloorPlan228": {"xmax": 0.9544787406921387, "xmin": -6.766002178192139, "zmax": 6.062849998474121, "zmin": -1.6588859558105469}, "FloorPlan229": {"xmax": 2.7596468925476074, "xmin": -6.359630107879639, "zmax": 5.469746112823486, "zmin": -0.5102825164794922}, "FloorPlan230": {"xmax": 0.39035606384277344, "xmin": -6.3737077713012695, "zmax": 9.550719261169434, "zmin": -0.4193286895751953}, "FloorPlan301": {"xmax": 3.299999713897705, "xmin": -1.7999998331069946, "zmax": 2.200000524520874, "zmin": -1.7999999523162842}, "FloorPlan302": {"xmax": 2.200000524520874, "xmin": -1.7000000476837158, "zmax": 1.799999713897705, "zmin": -2.3499999046325684}, "FloorPlan303": {"xmax": 2.700000286102295, "xmin": -2.299999713897705, "zmax": 0.8000004291534424, "zmin": -3.200000524520874}, "FloorPlan304": {"xmax": 2.200000524520874, "xmin": -2.200000524520874, "zmax": 3.0809390544891357, "zmin": -2.200000524520874}, "FloorPlan305": {"xmax": 1.7036118507385254, "xmin": -2.024636745452881,